protein_id,protein_name,ligand_name,smiles,molecular_weight,logp,h_bond_donors,h_bond_acceptors,rotatable_bonds,binding_affinity,binding_strength,binding_site,data_source
PROT_001,EGFR Kinase,Gefitinib,COc1cc2ncnc(Nc3ccc(F)c(Cl)c3)c2cc1OCCCN1CCOCC1,446.90,3.75,1,7,7,8.50,High,ATP-binding pocket,SYNTHETIC_DEMO_NON_EXPERIMENTAL
PROT_001,EGFR Kinase,Erlotinib,COCCOc1cc2ncnc(Nc3cccc(C#C)c3)c2cc1OCCOC,393.44,2.70,1,6,6,8.20,High,ATP-binding pocket,SYNTHETIC_DEMO_NON_EXPERIMENTAL
PROT_001,EGFR Kinase,Lapatinib,CS(=O)(=O)CCNCc1ccc(-c2ccc3ncnc(Nc4ccc(OCc5cccc(F)c5)c(Cl)c4)c3c2)o1,581.06,5.10,2,7,9,8.90,High,Allosteric/ATP pocket,SYNTHETIC_DEMO_NON_EXPERIMENTAL
PROT_002,SARS-CoV-2 Mpro,Nirmatrelvir,CC(C)(C)C(NC(=O)C(F)(F)F)C(=O)N1CC2C(C1C(=O)NC(CC1CCNC1=O)C#N)C2(C)C,499.53,1.60,3,5,6,8.00,High,Catalytic dyad Cys145-His41,SYNTHETIC_DEMO_NON_EXPERIMENTAL
PROT_002,SARS-CoV-2 Mpro,Ensitrelvir,Cc1nc2c(n1C)c(=O)n(Cc1c(F)cc(F)cc1F)c(=O)n2Cc1ncc(F)c(Cl)c1,524.87,2.45,0,7,4,7.90,High,Catalytic dyad Cys145-His41,SYNTHETIC_DEMO_NON_EXPERIMENTAL
PROT_003,HIV-1 Protease,Darunavir,CC(C)CN(CC(O)C(Cc1ccccc1)NC(=O)OC1COC2OCCC12)S(=O)(=O)c1ccc(N)cc1,547.66,2.70,3,8,9,9.30,High,Asp25/Asp25' active site,SYNTHETIC_DEMO_NON_EXPERIMENTAL
PROT_003,HIV-1 Protease,Ritonavir,CC(C)c1nc(CN(C)C(=O)NC(C(=O)NC(Cc2ccccc2)CC(O)C(Cc2ccccc2)NC(=O)OCc2cncs2)C(C)C)cs1,720.94,4.80,4,8,15,8.70,High,Asp25/Asp25' active site,SYNTHETIC_DEMO_NON_EXPERIMENTAL
PROT_004,BACE-1,Verubecestat,COc1ccc(cc1)C1(C)N=C(N)N(C)C(=O)C1(F)c1cc(NC(=O)c2cnc(F)cn2)ccc1F,409.37,1.80,2,6,4,8.10,High,Asp32/Asp228 catalytic dyad,SYNTHETIC_DEMO_NON_EXPERIMENTAL
PROT_004,BACE-1,Atabecestat,CC1(C)N=C(N)N(C)c2cc(NC(=O)c3ncc(F)cn3)ccc21,357.38,1.65,2,5,3,7.40,Medium,Asp32/Asp228 catalytic dyad,SYNTHETIC_DEMO_NON_EXPERIMENTAL
PROT_005,Carbonic Anhydrase II,Acetazolamide,CC(=O)Nc1nnc(s1)S(=O)(=O)N,222.25,-0.26,2,5,1,7.80,High,Zn2+ coordination sphere,SYNTHETIC_DEMO_NON_EXPERIMENTAL
PROT_005,Carbonic Anhydrase II,Methazolamide,CN1N=C(SC1=NN)S(=O)(=O)N,236.27,0.12,1,5,1,7.10,Medium,Zn2+ coordination sphere,SYNTHETIC_DEMO_NON_EXPERIMENTAL
PROT_006,COX-2,Celecoxib,CC1=CC=C(C=C1)C2=CC(=NN2C3=CC=C(C=C3)S(=O)(=O)N)C(F)(F)F,381.37,3.50,1,4,3,7.60,High,Cyclooxygenase active site,SYNTHETIC_DEMO_NON_EXPERIMENTAL
PROT_006,COX-2,Rofecoxib,O=S1(=O)c2ccc(cc2)C2=C(C(=O)OC2)c2ccccc21,314.36,2.10,0,4,2,6.90,Medium,Cyclooxygenase active site,SYNTHETIC_DEMO_NON_EXPERIMENTAL
PROT_007,COX-1,Aspirin,CC(=O)Oc1ccccc1C(=O)O,180.16,1.19,1,3,2,5.20,Low,Ser530 pocket,SYNTHETIC_DEMO_NON_EXPERIMENTAL
PROT_007,COX-1,Ibuprofen,CC(C)Cc1ccc(cc1)C(C)C(=O)O,206.28,3.50,1,2,3,5.80,Low,Hydrophobic channel,SYNTHETIC_DEMO_NON_EXPERIMENTAL
PROT_008,Hsp90,Geldanamycin,COC1CC(O)C(C)CC(C)CC(OC)C(=O)C(C)=CC=C(NC(=O)C2=CC(=O)C(OC)=C(C2=O)OC)C1OC,560.64,1.50,3,9,4,6.70,Medium,N-terminal ATP pocket,SYNTHETIC_DEMO_NON_EXPERIMENTAL
PROT_009,BCR-ABL Kinase,Imatinib,Cc1ccc(NC(=O)c2ccc(CN3CCN(C)CC3)cc2)cc1Nc1nccc(-c2cccnc2)n1,493.60,3.50,2,7,7,8.80,High,DFG-out allosteric pocket,SYNTHETIC_DEMO_NON_EXPERIMENTAL
PROT_009,BCR-ABL Kinase,Dasatinib,Cc1nc(Nc2ncc(C(=O)Nc3c(C)cccc3Cl)s2)cc(N2CCN(CCO)CC2)n1,488.01,2.80,3,8,6,9.10,High,ATP-binding pocket,SYNTHETIC_DEMO_NON_EXPERIMENTAL
PROT_010,Dopamine D2 Receptor,Haloperidol,OC1(CCN(CCCC(=O)c2ccc(F)cc2)CC1)c1ccc(Cl)cc1,375.86,4.30,1,2,6,8.60,High,Orthosteric binding pocket,SYNTHETIC_DEMO_NON_EXPERIMENTAL
PROT_011,5-HT2A Receptor,Risperidone,CC1=C(CCN2CCC(CC2)c2noc3cc(F)ccc23)C(=O)N2CCCCC2=N1,410.48,3.04,0,5,3,8.40,High,Transmembrane orthosteric pocket,SYNTHETIC_DEMO_NON_EXPERIMENTAL
PROT_012,Thrombin,Dabigatran,CN(Cc1nc2ccccc2n1C)C(=O)c1ccc(NC(=O)c2cccc(C(=N)N)c2)cc1,471.51,2.10,3,5,6,8.30,High,Catalytic triad pocket,SYNTHETIC_DEMO_NON_EXPERIMENTAL
PROT_013,Factor Xa,Rivaroxaban,O=C1N(CCO1)c1ccc(cc1)N1CC(=O)N(C1)c1ccc(Cl)s1,435.88,1.50,0,5,3,8.70,High,S1 and S4 pockets,SYNTHETIC_DEMO_NON_EXPERIMENTAL
PROT_014,Beta-2 Adrenergic,Salbutamol,CC(C)(C)NCC(O)c1ccc(O)c(CO)c1,239.31,0.64,4,4,4,6.40,Medium,Transmembrane core,SYNTHETIC_DEMO_NON_EXPERIMENTAL
PROT_015,Cannabinoid CB1,Rimonabant,Clc1ccc(cc1)c1nn(-c2ccc(Cl)cc2Cl)c(C(=O)NN2CCCCC2)c1C,463.79,5.30,1,3,3,8.00,High,Central orthosteric channel,SYNTHETIC_DEMO_NON_EXPERIMENTAL
PROT_016,COX Inhibitor Target,Acetaminophen,CC(=O)Nc1ccc(O)cc1,151.16,0.46,2,2,1,4.80,Low,Catalytic site,SYNTHETIC_DEMO_NON_EXPERIMENTAL
